"","categoryId","categoryId","meanProfit","totalJobs","meanTotalCost"
"1",1,"Tecnologia",1866.42244444444,6,230.626444444444
"2",2,"Administrativo",367.452901234568,17,36.5432407407407
"3",3,"Vendas",167.549697420635,18,17.5025446428571
"4",4,"Atendimento",716.899206018518,52,60.2508321759259
