"","customerTypeId","meanProfit","totalCustomers","meanTotalCost"
"1",10,551.145006293403,3,61.1387350260416
"2",11,275.324048842593,1,17.1282430555556
"3",12,278.73325,1,10.19
"4",14,1147.49242013889,1,80.50921875
