"","month","profit"
"1","01",1933.61297916667
"2","02",3768.16321759259
"3","03",1070.11548611111
"4","04",1790.61523148148
"5","05",3691.00177777778
"6","06",5205.84047685185
"7","07",976.798875
"8","08",1144.97422222222
"9","09",799.793071759259
"10","10",2158.05414583333
"11","11",1136.66483796296
"12","12",1582.94929861111
